-- phpMyAdmin SQL Dump
-- version 4.6.5.2
-- https://www.phpmyadmin.net/
--
-- Host: 127.0.0.1
-- Generation Time: 10 Des 2017 pada 14.56
-- Versi Server: 10.1.21-MariaDB
-- PHP Version: 5.6.30

SET SQL_MODE = "NO_AUTO_VALUE_ON_ZERO";
SET time_zone = "+00:00";


/*!40101 SET @OLD_CHARACTER_SET_CLIENT=@@CHARACTER_SET_CLIENT */;
/*!40101 SET @OLD_CHARACTER_SET_RESULTS=@@CHARACTER_SET_RESULTS */;
/*!40101 SET @OLD_COLLATION_CONNECTION=@@COLLATION_CONNECTION */;
/*!40101 SET NAMES utf8mb4 */;

--
-- Database: `kelas_labtekv`
--

-- --------------------------------------------------------

--
-- Struktur dari tabel `kelas`
--

CREATE TABLE `kelas` (
  `id_ruangan` varchar(6) NOT NULL,
  `id_time` int(3) NOT NULL,
  `mata_kuliah` varchar(100) NOT NULL
) ENGINE=InnoDB DEFAULT CHARSET=latin1;

--
-- Dumping data untuk tabel `kelas`
--

INSERT INTO `kelas` (`id_ruangan`, `id_time`, `mata_kuliah`) VALUES
('7601', 101, 'II3121'),
('7601', 102, 'II3121'),
('7601', 103, 'II3150'),
('7601', 104, 'II3150'),
('7601', 105, 'IF3170'),
('7601', 106, 'IF3170'),
('7601', 107, 'II2111'),
('7601', 108, 'II2110'),
('7601', 109, 'II2110'),
('7601', 201, 'II3160'),
('7601', 202, 'II3160'),
('7601', 203, 'II3130'),
('7601', 204, 'II3130'),
('7601', 205, 'II3120'),
('7601', 207, 'IF4150'),
('7601', 208, 'IF4150'),
('7601', 301, 'II4022'),
('7601', 302, 'II4022'),
('7601', 304, 'IF4072'),
('7601', 305, 'IF4072'),
('7601', 306, 'II3150'),
('7601', 307, 'II2110'),
('7601', 308, 'II2111'),
('7601', 309, 'II2111'),
('7601', 310, 'IF2111'),
('7601', 311, 'IF2111'),
('7601', 401, 'II3120'),
('7601', 402, 'II3120'),
('7601', 403, 'II3130'),
('7601', 405, 'IF4090'),
('7601', 410, 'IF4050'),
('7601', 411, 'IF4050'),
('7601', 507, 'II4471'),
('7601', 508, 'II4471'),
('7601', 509, 'IF2111'),
('7601', 303, 'II3121'),
('7602', 101, 'IF3151'),
('7602', 102, 'IF3151'),
('7602', 103, 'IF3150'),
('7602', 104, 'IF3150'),
('7602', 105, 'IF4091'),
('7602', 106, 'IF4091'),
('7602', 107, 'IF2120'),
('7602', 108, 'IF2121'),
('7602', 109, 'IF2121'),
('7602', 110, 'IF2220'),
('7602', 201, 'IF3110'),
('7602', 202, 'IF3110'),
('7602', 203, 'IF3111'),
('7602', 204, 'IF3111'),
('7602', 205, 'IF3130'),
('7602', 207, 'IF2130'),
('7602', 208, 'IF2110'),
('7602', 209, 'IF2110'),
('7602', 301, 'IF3170'),
('7602', 302, 'IF3170'),
('7602', 303, 'IF3151'),
('7602', 304, 'IF3130'),
('7602', 305, 'IF3130'),
('7602', 306, 'IF2121'),
('7602', 307, 'IF2123'),
('7602', 308, 'IF2123'),
('7602', 309, 'IF2220'),
('7602', 310, 'IF2220'),
('7602', 401, 'IF3140'),
('7602', 402, 'IF3140'),
('7602', 407, 'IF2123'),
('7602', 408, 'IF2110'),
('7602', 409, 'IF2110'),
('7602', 410, 'IF2120'),
('7602', 411, 'IF2120'),
('7602', 507, 'IF2130'),
('7602', 508, 'IF2130'),
('7603', 104, 'IF5140'),
('7603', 105, 'IF5140'),
('7603', 106, 'II4092'),
('7603', 107, 'IF5143'),
('7603', 108, 'IF5143'),
('7603', 205, 'II4091'),
('7603', 207, 'II4071'),
('7603', 208, 'II4071'),
('7603', 209, 'II4021'),
('7603', 210, 'II4021'),
('7603', 304, 'II4090'),
('7603', 305, 'II4090'),
('7603', 404, 'IF5146'),
('7603', 405, 'IF5146'),
('7603', 507, 'EI7090'),
('7603', 508, 'EI7090'),
('7604', 106, 'IF3152'),
('7604', 110, 'IF4043'),
('7604', 111, 'IF4043'),
('7604', 201, 'IF4031'),
('7604', 202, 'IF4070'),
('7604', 204, 'IF5191'),
('7604', 205, 'IF5191'),
('7604', 209, 'IF2140'),
('7604', 210, 'IF2140'),
('7604', 304, 'IF3152'),
('7604', 305, 'IF3152'),
('7604', 307, 'IF2132'),
('7604', 309, 'IF5150'),
('7604', 310, 'IF5150'),
('7604', 401, 'II4032'),
('7604', 402, 'II4032'),
('7604', 405, 'IF2140'),
('7604', 407, 'II4470'),
('7604', 408, 'II4470'),
('7604', 502, 'IF5110'),
('7604', 507, 'IF2132'),
('7604', 508, 'IF2132'),
('7606', 101, 'IF3151'),
('7606', 102, 'IF3151'),
('7606', 103, 'IF3150'),
('7606', 104, 'IF3150'),
('7606', 105, 'IF3170'),
('7606', 106, 'IF3170'),
('7606', 107, 'IF2120'),
('7606', 108, 'IF2121'),
('7606', 109, 'IF2121'),
('7606', 110, 'IF2220'),
('7606', 201, 'IF3110'),
('7606', 203, 'IF4071'),
('7606', 204, 'IF4072'),
('7606', 205, 'IF3130'),
('7606', 207, 'IF2130'),
('7606', 208, 'IF2110'),
('7606', 209, 'IF2110'),
('7606', 301, 'IF3170'),
('7606', 302, 'IF3170'),
('7606', 303, 'IF3151'),
('7606', 304, 'IF3130'),
('7606', 305, 'IF3130'),
('7606', 306, 'IF2121'),
('7606', 307, 'IF2123'),
('7606', 308, 'IF2123'),
('7606', 309, 'IF2220'),
('7606', 310, 'IF2220'),
('7606', 401, 'IF3140'),
('7606', 402, 'IF3140'),
('7606', 405, 'II3160'),
('7606', 407, 'IF2123'),
('7606', 408, 'IF2110'),
('7606', 409, 'IF2110'),
('7606', 410, 'IF2120'),
('7606', 411, 'IF2120'),
('7606', 507, 'IF2130'),
('7606', 508, 'IF2130'),
('7607', 104, 'IF5170'),
('7607', 105, 'IF5170'),
('7607', 107, 'IF5171'),
('7607', 108, 'IF5171'),
('7607', 202, 'IF5180'),
('7607', 203, 'IF5180'),
('7607', 204, 'IF5021'),
('7607', 207, 'IF5120'),
('7607', 208, 'IF5120'),
('7607', 302, 'IF5110'),
('7607', 303, 'IF5110'),
('7607', 304, 'IF5145'),
('7607', 305, 'IF5145'),
('7607', 307, 'IF5031'),
('7607', 308, 'IF5031'),
('7607', 309, 'IF5148'),
('7607', 310, 'IF5148'),
('7607', 404, 'IF5030'),
('7607', 405, 'IF5030'),
('7607', 409, 'IF5173'),
('7607', 410, 'IF5173'),
('7607', 502, 'IF5011'),
('7607', 503, 'IF5011'),
('7608', 102, 'IF5192'),
('7608', 103, 'IF5192'),
('7608', 104, 'IF5020'),
('7608', 105, 'IF5020'),
('7608', 107, 'IF5130'),
('7608', 108, 'IF5130'),
('7608', 109, 'IF5121'),
('7608', 110, 'IF5121'),
('7608', 201, 'IF5131'),
('7608', 202, 'IF5131'),
('7608', 207, 'IF5010'),
('7608', 208, 'IF5010'),
('7608', 209, 'IF5099'),
('7608', 210, 'IF5099'),
('7608', 302, 'IF5132'),
('7608', 303, 'IF5132'),
('7608', 305, 'IF5180'),
('7608', 307, 'IF5031'),
('7608', 308, 'IF5031'),
('7608', 309, 'IF5172'),
('7608', 310, 'IF5172'),
('7608', 402, 'IF5190'),
('7608', 403, 'IF5190'),
('7608', 405, 'IF5150'),
('7608', 407, 'IF5151'),
('7608', 408, 'IF5151'),
('7608', 502, 'IF5011'),
('7608', 503, 'IF5011'),
('7608', 507, 'IF2130'),
('7609', 107, 'IF4071'),
('7609', 202, 'IF5142'),
('7609', 203, 'IF5142'),
('7609', 302, 'IF4070'),
('7609', 303, 'IF4070'),
('7609', 307, 'IF2132'),
('7609', 309, 'IF4043'),
('7609', 402, 'IF5151'),
('7609', 408, 'IF4031'),
('7609', 409, 'IF4031'),
('7609', 507, 'IF2132'),
('7609', 508, 'IF2132'),
('7610', 102, 'II4033'),
('7610', 103, 'II4033'),
('7610', 107, 'IF4071'),
('7610', 108, 'IF4071'),
('7610', 203, 'IF4071'),
('7610', 204, 'IF5181'),
('7610', 205, 'IF5181'),
('7610', 207, 'IF4150'),
('7610', 208, 'IF4150'),
('7610', 210, 'IF4041'),
('7610', 211, 'IF4041'),
('7610', 308, 'IF4041'),
('7610', 310, 'IF4073'),
('7610', 501, 'IF4092'),
('7610', 502, 'IF4092'),
('7610', 507, 'IF4073'),
('7610', 508, 'IF4073'),
('7699', 101, 'IF3151'),
('7699', 102, 'IF3151'),
('7699', 103, 'IF3150'),
('7699', 104, 'IF3150'),
('7699', 105, 'IF3170'),
('7699', 106, 'IF3170'),
('7699', 107, 'IF2120'),
('7699', 108, 'IF2121'),
('7699', 109, 'IF2121'),
('7699', 110, 'IF2220'),
('7699', 111, 'IF2220'),
('7699', 201, 'IF3110'),
('7699', 202, 'IF3110'),
('7699', 205, 'IF4050'),
('7699', 207, 'IF2130'),
('7699', 208, 'IF2110'),
('7699', 209, 'IF2110'),
('7699', 301, 'IF3170'),
('7699', 302, 'IF3170'),
('7699', 303, 'IF3151'),
('7699', 304, 'IF3130'),
('7699', 305, 'IF3130'),
('7699', 306, 'IF2121'),
('7699', 307, 'IF2123'),
('7699', 308, 'IF2123'),
('7699', 309, 'IF2220'),
('7699', 310, 'IF2220'),
('7699', 401, 'IF3140'),
('7699', 402, 'IF3140'),
('7699', 403, 'IF3130'),
('7699', 407, 'IF2123'),
('7699', 408, 'IF2110'),
('7699', 409, 'IF2110'),
('7699', 410, 'IF2120'),
('7699', 411, 'IF2120'),
('7608', 508, 'IF2130'),
('7601', 110, ''),
('7601', 111, ''),
('7601', 206, ''),
('7601', 303, ''),
('7601', 404, ''),
('7601', 406, ''),
('7601', 407, ''),
('7601', 408, ''),
('7601', 409, ''),
('7601', 501, ''),
('7601', 502, ''),
('7601', 503, ''),
('7601', 504, ''),
('7601', 505, ''),
('7601', 506, ''),
('7601', 510, ''),
('7601', 511, ''),
('7602', 111, ''),
('7602', 206, ''),
('7602', 210, ''),
('7602', 211, ''),
('7602', 311, ''),
('7602', 403, ''),
('7602', 404, ''),
('7602', 405, ''),
('7602', 406, ''),
('7602', 501, ''),
('7602', 502, ''),
('7602', 503, ''),
('7602', 504, ''),
('7602', 505, ''),
('7602', 506, ''),
('7602', 509, ''),
('7602', 510, ''),
('7602', 511, ''),
('7603', 101, ''),
('7603', 102, ''),
('7603', 103, ''),
('7603', 109, ''),
('7603', 201, ''),
('7603', 202, ''),
('7603', 203, ''),
('7603', 204, ''),
('7603', 206, ''),
('7603', 211, ''),
('7603', 301, ''),
('7603', 302, ''),
('7603', 303, ''),
('7603', 306, ''),
('7603', 307, ''),
('7603', 308, ''),
('7603', 309, ''),
('7603', 310, ''),
('7603', 311, ''),
('7603', 401, ''),
('7603', 402, ''),
('7603', 403, ''),
('7603', 406, ''),
('7603', 407, ''),
('7603', 408, ''),
('7603', 409, ''),
('7603', 410, ''),
('7603', 411, ''),
('7603', 501, ''),
('7603', 502, ''),
('7603', 503, ''),
('7603', 504, ''),
('7603', 505, ''),
('7603', 506, ''),
('7603', 509, ''),
('7603', 510, ''),
('7603', 511, ''),
('7604', 101, ''),
('7604', 102, ''),
('7604', 103, ''),
('7604', 104, ''),
('7604', 105, ''),
('7604', 107, ''),
('7604', 108, ''),
('7604', 109, ''),
('7604', 203, ''),
('7604', 206, ''),
('7604', 207, ''),
('7604', 208, ''),
('7604', 211, ''),
('7604', 301, ''),
('7604', 302, ''),
('7604', 303, ''),
('7604', 306, ''),
('7604', 308, ''),
('7604', 311, ''),
('7604', 403, ''),
('7604', 404, ''),
('7604', 406, ''),
('7604', 409, ''),
('7604', 410, ''),
('7604', 411, ''),
('7604', 501, ''),
('7604', 503, ''),
('7604', 504, ''),
('7604', 505, ''),
('7604', 506, ''),
('7604', 509, ''),
('7604', 510, ''),
('7604', 511, ''),
('7606', 111, ''),
('7606', 202, ''),
('7606', 206, ''),
('7606', 210, ''),
('7606', 211, ''),
('7606', 311, ''),
('7606', 403, ''),
('7606', 404, ''),
('7606', 406, ''),
('7606', 501, ''),
('7606', 502, ''),
('7606', 503, ''),
('7606', 504, ''),
('7606', 505, ''),
('7606', 506, ''),
('7606', 509, ''),
('7606', 510, ''),
('7606', 511, ''),
('7607', 101, ''),
('7607', 102, ''),
('7607', 103, ''),
('7607', 106, ''),
('7607', 109, ''),
('7607', 110, ''),
('7607', 111, ''),
('7607', 201, ''),
('7607', 205, ''),
('7607', 206, ''),
('7607', 209, ''),
('7607', 210, ''),
('7607', 211, ''),
('7607', 301, ''),
('7607', 306, ''),
('7607', 311, ''),
('7607', 401, ''),
('7607', 402, ''),
('7607', 403, ''),
('7607', 406, ''),
('7607', 407, ''),
('7607', 408, ''),
('7607', 411, ''),
('7607', 501, ''),
('7607', 504, ''),
('7607', 505, ''),
('7607', 506, ''),
('7607', 507, ''),
('7607', 508, ''),
('7607', 509, ''),
('7607', 510, ''),
('7607', 511, ''),
('7608', 101, ''),
('7608', 106, ''),
('7608', 111, ''),
('7608', 203, ''),
('7608', 204, ''),
('7608', 205, ''),
('7608', 206, ''),
('7608', 211, ''),
('7608', 301, ''),
('7608', 304, ''),
('7608', 306, ''),
('7608', 311, ''),
('7608', 401, ''),
('7608', 404, ''),
('7608', 406, ''),
('7608', 409, ''),
('7608', 410, ''),
('7608', 411, ''),
('7608', 501, ''),
('7608', 504, ''),
('7608', 505, ''),
('7608', 506, ''),
('7608', 508, ''),
('7608', 509, ''),
('7608', 510, ''),
('7608', 511, ''),
('7609', 101, ''),
('7609', 102, ''),
('7609', 103, ''),
('7609', 104, ''),
('7609', 105, ''),
('7609', 106, ''),
('7609', 108, ''),
('7609', 110, ''),
('7609', 111, ''),
('7609', 201, ''),
('7609', 204, ''),
('7609', 205, ''),
('7609', 206, ''),
('7609', 207, ''),
('7609', 208, ''),
('7609', 209, ''),
('7609', 210, ''),
('7609', 211, ''),
('7609', 301, ''),
('7609', 304, ''),
('7609', 305, ''),
('7609', 306, ''),
('7609', 308, ''),
('7609', 310, ''),
('7609', 311, ''),
('7609', 401, ''),
('7609', 403, ''),
('7609', 404, ''),
('7609', 405, ''),
('7609', 406, ''),
('7609', 407, ''),
('7609', 410, ''),
('7609', 411, ''),
('7609', 501, ''),
('7609', 502, ''),
('7609', 503, ''),
('7609', 504, ''),
('7609', 505, ''),
('7609', 506, ''),
('7609', 509, ''),
('7609', 510, ''),
('7609', 511, ''),
('7610', 101, ''),
('7610', 104, ''),
('7610', 105, ''),
('7610', 106, ''),
('7610', 109, ''),
('7610', 110, ''),
('7610', 111, ''),
('7610', 201, ''),
('7610', 202, ''),
('7610', 206, ''),
('7610', 209, ''),
('7610', 301, ''),
('7610', 302, ''),
('7610', 303, ''),
('7610', 304, ''),
('7610', 305, ''),
('7610', 306, ''),
('7610', 307, ''),
('7610', 309, ''),
('7610', 311, ''),
('7610', 401, ''),
('7610', 402, ''),
('7610', 403, ''),
('7610', 404, ''),
('7610', 405, ''),
('7610', 406, ''),
('7610', 407, ''),
('7610', 408, ''),
('7610', 409, ''),
('7610', 410, ''),
('7610', 411, ''),
('7610', 503, ''),
('7610', 504, ''),
('7610', 505, ''),
('7610', 506, ''),
('7610', 509, ''),
('7610', 510, ''),
('7610', 511, ''),
('7699', 203, ''),
('7699', 204, ''),
('7699', 206, ''),
('7699', 210, ''),
('7699', 211, ''),
('7699', 311, ''),
('7699', 404, ''),
('7699', 405, ''),
('7699', 406, ''),
('7699', 501, ''),
('7699', 502, ''),
('7699', 503, ''),
('7699', 504, ''),
('7699', 505, ''),
('7699', 506, ''),
('7699', 507, ''),
('7699', 509, ''),
('7699', 510, ''),
('7699', 511, '');


-- --------------------------------------------------------

--
-- Struktur dari tabel `ruangan`
--

CREATE TABLE `ruangan` (
  `id_ruangan` varchar(6) NOT NULL,
  `nama` varchar(20) NOT NULL,
  `kapasitas` int(3) NOT NULL,
  `fasilitas` varchar(1000) NOT NULL
) ENGINE=InnoDB DEFAULT CHARSET=latin1;

--
-- Dumping data untuk tabel `ruangan`
--

INSERT INTO `ruangan` (`id_ruangan`, `nama`, `kapasitas`, `fasilitas`) VALUES
('7601', '7601', 120, 'Kursi, meja, LCD, AC'),
('7602', '7602', 120, 'Kursi, meja, LCD, AC'),
('7603', '7603', 80, 'Kursi, meja, LCD, AC'),
('7604', '7604', 60, 'Kursi, meja, LCD, AC'),
('7606', '7606', 120, 'Kursi, meja, LCD, AC'),
('7607', '7607', 60, 'Kursi, meja, LCD, AC'),
('7608', '7608', 60, 'Kursi, meja, LCD, AC'),
('7609', '7609', 60, 'Kursi, meja, LCD, AC'),
('7610', '7610', 60, 'Kursi, meja, LCD, AC'),
('7699', 'Ruang Multimedia', 80, 'Kursi, meja, LCD, AC, karpet');

-- --------------------------------------------------------

--
-- Struktur dari tabel `timeslot`
--

CREATE TABLE `timeslot` (
  `id_time` int(3) NOT NULL,
  `hari` varchar(10) NOT NULL,
  `jam` varchar(5) NOT NULL
) ENGINE=InnoDB DEFAULT CHARSET=latin1;

--
-- Dumping data untuk tabel `timeslot`
--

INSERT INTO `timeslot` (`id_time`, `hari`, `jam`) VALUES
(101, 'Senin', '07.00'),
(102, 'Senin', '08.00'),
(103, 'Senin', '09.00'),
(104, 'Senin', '10.00'),
(105, 'Senin', '11.00'),
(106, 'Senin', '12.00'),
(107, 'Senin', '13.00'),
(108, 'Senin', '14.00'),
(109, 'Senin', '15.00'),
(110, 'Senin', '16.00'),
(111, 'Senin', '17.00'),
(201, 'Selasa', '07.00'),
(202, 'Selasa', '08.00'),
(203, 'Selasa', '09.00'),
(204, 'Selasa', '10.00'),
(205, 'Selasa', '11.00'),
(206, 'Selasa', '12.00'),
(207, 'Selasa', '13.00'),
(208, 'Selasa', '14.00'),
(209, 'Selasa', '15.00'),
(210, 'Selasa', '16.00'),
(211, 'Selasa', '17.00'),
(301, 'Rabu', '07.00'),
(302, 'Rabu', '08.00'),
(303, 'Rabu', '09.00'),
(304, 'Rabu', '10.00'),
(305, 'Rabu', '11.00'),
(306, 'Rabu', '12.00'),
(307, 'Rabu', '13.00'),
(308, 'Rabu', '14.00'),
(309, 'Rabu', '15.00'),
(310, 'Rabu', '16.00'),
(311, 'Rabu', '17.00'),
(401, 'Kamis', '07.00'),
(402, 'Kamis', '08.00'),
(403, 'Kamis', '09.00'),
(404, 'Kamis', '10.00'),
(405, 'Kamis', '11.00'),
(406, 'Kamis', '12.00'),
(407, 'Kamis', '13.00'),
(408, 'Kamis', '14.00'),
(409, 'Kamis', '15.00'),
(410, 'Kamis', '16.00'),
(411, 'Kamis', '17.00'),
(501, 'Jumat', '07.00'),
(502, 'Jumat', '08.00'),
(503, 'Jumat', '09.00'),
(504, 'Jumat', '10.00'),
(505, 'Jumat', '11.00'),
(506, 'Jumat', '12.00'),
(507, 'Jumat', '13.00'),
(508, 'Jumat', '14.00'),
(509, 'Jumat', '15.00'),
(510, 'Jumat', '16.00'),
(511, 'Jumat', '17.00');

--
-- Indexes for dumped tables
--

--
-- Indexes for table `kelas`
--
ALTER TABLE `kelas`
  ADD KEY `id_time` (`id_time`),
  ADD KEY `id_ruangan` (`id_ruangan`);

--
-- Indexes for table `ruangan`
--
ALTER TABLE `ruangan`
  ADD PRIMARY KEY (`id_ruangan`);

--
-- Indexes for table `timeslot`
--
ALTER TABLE `timeslot`
  ADD PRIMARY KEY (`id_time`);

--
-- Ketidakleluasaan untuk tabel pelimpahan (Dumped Tables)
--

--
-- Ketidakleluasaan untuk tabel `kelas`
--
ALTER TABLE `kelas`
  ADD CONSTRAINT `id_ruangan` FOREIGN KEY (`id_ruangan`) REFERENCES `ruangan` (`id_ruangan`),
  ADD CONSTRAINT `id_time` FOREIGN KEY (`id_time`) REFERENCES `timeslot` (`id_time`);

/*!40101 SET CHARACTER_SET_CLIENT=@OLD_CHARACTER_SET_CLIENT */;
/*!40101 SET CHARACTER_SET_RESULTS=@OLD_CHARACTER_SET_RESULTS */;
/*!40101 SET COLLATION_CONNECTION=@OLD_COLLATION_CONNECTION */;
